{"cameraMode":{"drawMode":0,"name":"Shaded","section":"Shading Mode"},"sceneLighting":true,"audioPlay":false,"sceneViewState":{"m_AlwaysRefresh":false,"showFog":true,"showSkybox":true,"showFlares":true,"showImageEffects":true,"showParticleSystems":true,"showVisualEffectGraphs":true,"m_FxEnabled":true},"in2DMode":false,"pivot":{"x":6.357842922210693,"y":-1.8902593851089478,"z":-15.150464057922364},"rotation":{"x":-0.045887771993875507,"y":-0.9499613642692566,"z":0.2592301666736603,"w":-0.16816161572933198},"size":21.895776748657228,"orthographic":false}